code,akshare_name,tickflow_name
000002,万  科Ａ,万 科Ａ
000012,南  玻Ａ,南 玻Ａ
000025,特  力Ａ,特 力Ａ
000528,柳    工,柳 工
000726,鲁  泰Ａ,鲁 泰Ａ
000869,张  裕Ａ,张 裕Ａ
000908,ST景峰,*ST景峰
300277,汽轮科技,海联讯
300391,长药退,*ST长药
600177,XD雅戈尔,雅戈尔
603101,XD汇嘉时,汇嘉时代
603196,璞源材料,日播时尚
603429,*ST集友,集友股份
688031,星环科技,星环科技-U
688062,迈威生物,迈威生物-U
688158,优刻得,优刻得-W
688165,埃夫特,埃夫特-U
688176,亚虹医药,亚虹医药-U
688180,君实生物,君实生物-U
688192,迪哲医药,迪哲医药-U
688197,首药控股,首药控股-U
688213,思特威,思特威-W
688220,翱捷科技,翱捷科技-U
688221,前沿生物,前沿生物-U
688235,百济神州,百济神州-U
688256,寒武纪,寒武纪-U
688266,泽璟制药,泽璟制药-U
688277,天智航,天智航-U
688280,精进电动,精进电动-UW
688302,海创药业,海创药业-U
688316,青云科技,青云科技-U
688322,奥比中光,奥比中光-UW
688326,经纬恒润,经纬恒润-W
688327,云从科技,云从科技-UW
688339,亿华通,亿华通-U
688343,云天励飞,云天励飞-U
688373,盟科药业,盟科药业-U
688382,益方生物,益方生物-U
688387,信科移动,信科移动-U
688428,诺诚健华,诺诚健华-U
688443,智翔金泰,智翔金泰-U
688469,芯联集成,芯联集成-U
688512,慧智微,慧智微-U
688515,裕太微,裕太微-U
688538,和辉光电,和辉光电-U
688549,中巨芯,中巨芯-U
688553,汇宇制药,汇宇制药-W
688561,奇安信,奇安信-U
688702,盛科通信,盛科通信-U
688712,北芯生命,北芯生命-U
688759,必贝特,必贝特-U
688765,禾元生物,禾元生物-U
688783,西安奕材,西安奕材-U
688790,昂瑞微,昂瑞微-UW
688795,摩尔线程,摩尔线程-U
688802,沐曦股份,沐曦股份-U
689009,九号公司,九号公司-WD
